psruser31,Test@123
psruser32,Test@123
psruser33,Test@123
psruser34,Test@123
psruser35,Test@123
psruser36,Test@123
psruser37,Test@123
psruser38,Test@123
psruser39,Test@123
psruser40,Test@123
psruser41,Test@123
psruser42,Test@123
psruser43,Test@123
psruser44,Test@123
psruser45,Test@123
psruser46,Test@123
psruser47,Test@123
psruser48,Test@123
psruser49,Test@123
psruser50,Test@123
psruser1,Test@123
psruser2,Test@123
psruser3,Test@123
psruser4,Test@123
psruser5,Test@123
psruser6,Test@123
psruser7,Test@123
psruser8,Test@123
psruser9,Test@123
psruser10,Test@123
psruser11,Test@123
psruser12,Test@123
psruser13,Test@123
psruser14,Test@123
psruser15,Test@123
psruser16,Test@123
psruser17,Test@123
psruser18,Test@123
psruser19,Test@123
psruser20,Test@123
psruser21,Test@123
psruser22,Test@123
psruser23,Test@123
psruser24,Test@123
psruser25,Test@123
psruser26,Test@123
psruser27,Test@123
psruser28,Test@123
psruser29,Test@123
psruser30,Test@123
